{
  "project_info": {
    "project_number": "126904131416",
    "project_id": "todolistmdi",
    "storage_bucket": "todolistmdi.firebasestorage.app"
  },
  "client": [
    {
      "client_info": {
        "mobilesdk_app_id": "1:126904131416:android:0d6edcfafaca3deeddf2a1",
        "android_client_info": {
          "package_name": "com.example.todolistmdi"
        }
      },
      "oauth_client": [],
      "api_key": [
        {
          "current_key": "AIzaSyDd98_fU7ipZIoTttxynJL9stvSlQh696s"
        }
      ],
      "services": {
        "appinvite_service": {
          "other_platform_oauth_client": []
        }
      }
    }
  ],
  "configuration_version": "1"
}