{"flutter":{"platforms":{"android":{"default":{"projectId":"prak-dbs","appId":"1:1055134810238:android:999d52b286751b7680182f","fileOutput":"android/app/google-services.json"}},"dart":{"lib/firebase_options.dart":{"projectId":"prak-dbs","configurations":{"android":"1:1055134810238:android:999d52b286751b7680182f","ios":"1:1055134810238:ios:69b67459e55d7e0b80182f","macos":"1:1055134810238:ios:69b67459e55d7e0b80182f","web":"1:1055134810238:web:ca259064c850de1c80182f","windows":"1:1055134810238:web:083db7447873ce0c80182f"}}}}}}